{
    "$schema": "https://schemas.wp.org/trunk/theme.json",
    "settings": {
        "appearanceTools": true,
        "layout": {
            "contentSize": "620px",
            "wideSize": "1000px"
        },
        "spacing": {
            "units": [
                "%",
                "px",
                "em",
                "rem",
                "vh",
                "vw"
            ]
        },
        "typography": {
            "fontFamilies": [
                {
                    "fontFamily": "-apple-system, BlinkMacSystemFont, 'Segoe UI', Roboto, Oxygen-Sans, Ubuntu, Cantarell, 'Helvetica Neue', sans-serif",
                    "name": "System Font",
                    "slug": "system-font"
                }
           ]
        }
    },
    "templateParts": [
        {
            "area": "header",
            "name": "header"
        },
        {
            "area": "footer",
            "name": "footer"
        }
    ],
    "version": 2
}